game_id,points,offense,defense,offense_mean,defense_mean
2,38,Hawaii,Massachusetts,119.54,105.98
3,58,Colorado St,Oregon St,77.44,115.88
4,42,South Florida,San Jose St,35.43,125.87
5,62,Stanford,Rice,17.31,125.18
15,49,Ohio St,Indiana,4.96,62.31
16,37,Memphis,ULM,21.31,108.66
17,17,Minnesota,Buffalo,71.37,85.25
18,37,Arizona St,New Mexico St,41.44,101.82
19,61,UCF,Florida Intl,9.1,77.11
20,59,Oklahoma St,Tulsa,19.39,104.96
23,24,E Michigan,Charlotte,89.25,126.26
24,30,Washington,Rutgers,11.72,92.08
25,23,Boston College,N Illinois,30.96,57.87
26,59,Wisconsin,Utah St,5.56,84.57
27,17,Colorado,Colorado St,77.62,77.44
28,42,Navy,FL Atlantic,51.61,37.09
64,56,Clemson,Kent,2.1,121.62
65,38,Coastal Car,Massachusetts,119.83,105.98
66,24,Alabama,Florida St,5.06,40.13
67,31,Georgia,Appalachian St,2.73,71.49
68,31,Marshall,Miami OH,73.74,97.8
69,35,Michigan St,Bowling Green,20.78,114.81
70,35,California,North Carolina,65.23,86.16
71,35,South Carolina,NC State,38.11,25.34
72,52,Penn St,Akron,7.69,83.39
73,35,Louisville,Purdue,27.51,44.51
74,41,Auburn,Ga Southern,8.66,120.79
75,27,LSU,BYU,21.18,104.12
76,33,Michigan,Florida,23.2,69.78
77,24,Illinois,Ball St,107.92,125.54
78,24,Iowa,Wyoming,25.89,77.85
79,43,Nebraska,Arkansas St,77.64,77.83
80,31,Northwestern,Nevada,20.83,104.18
81,56,Oklahoma,UTEP,4.97,129.25
82,47,Mississippi,South Alabama,62.27,114.65
83,51,Maryland,Texas,75.53,44.1
84,24,Boise St,Troy,29.91,48.22
85,49,USC,W Michigan,12.62,78.47
86,49,Notre Dame,Temple,11.16,74.57
87,24,Kentucky,Southern Miss,57.89,78.7
88,28,Vanderbilt,MTSU,80.34,92.5
89,45,UCLA,Texas A&M,50.2,45.46
90,31,Virginia Tech,West Virginia,19.41,44.8
91,42,Tennessee,Georgia Tech,89.17,48.67
94,44,Purdue,Ohio,44.51,62.63
95,44,Oklahoma St,South Alabama,19.39,114.65
119,21,Army,Buffalo,54.96,85.25
120,51,Ball St,UAB,125.54,89.48
121,34,Wake Forest,Boston College,32.82,30.96
122,14,Clemson,Auburn,2.1,8.66
123,41,Duke,Northwestern,53.03,20.83
124,17,Old Dominion,Massachusetts,108.61,105.98
125,36,Michigan,Cincinnati,23.2,101.84
126,28,Michigan St,W Michigan,20.78,78.47
127,23,Navy,Tulane,51.61,80.4
128,47,Louisville,North Carolina,27.51,86.16
129,37,NC State,Marshall,25.34,73.74
130,31,Oklahoma,Ohio St,4.97,4.96
131,33,Penn St,Pittsburgh,7.69,64.3
132,16,E Michigan,Rutgers,89.25,92.08
133,30,MTSU,Syracuse,92.5,73.23
134,34,Indiana,Virginia,62.31,63.33
135,56,West Virginia,East Carolina,44.8,107.55
136,41,Alabama,Fresno St,5.06,46.19
137,28,TCU,Arkansas,15,83.09
138,17,UT San Antonio,Baylor,92.49,104.83
139,20,Illinois,WKU,107.92,101.64
140,44,Iowa,Iowa St,25.89,33.95
141,45,C Michigan,Kansas,67.65,120.93
142,55,Kansas St,Charlotte,45.64,126.26
143,31,South Carolina,Missouri,38.11,48.54
144,54,SMU,North Texas,58.7,65.82
145,56,Texas,San Jose St,44.1,125.87
146,66,Tulsa,ULL,104.96,115.28
147,31,Wisconsin,FL Atlantic,5.56,37.09
148,19,Utah,BYU,49.68,104.12
149,37,Colorado,Texas St,77.62,126.47
150,30,New Mexico St,New Mexico,101.82,113.56
151,31,Rice,UTEP,125.18,129.25
152,19,Houston,Arizona,48.13,50.7
153,30,San Diego St,Arizona St,34.67,41.44
154,44,UNLV,Idaho,102.19,112.71
155,37,Toledo,Nevada,32.47,104.18
156,42,Oregon,Nebraska,39.78,77.64
157,48,Minnesota,Oregon St,71.37,115.88
158,56,UCLA,Hawaii,50.2,119.54
159,42,USC,Stanford,12.62,17.31
160,47,Washington St,Boise St,24.7,29.91
161,57,Mississippi St,Louisiana Tech,26.12,88.91
162,20,Georgia,Notre Dame,2.73,11.16
163,28,Boise St,New Mexico,29.91,113.56
164,47,South Florida,Illinois,35.43,107.92
165,29,Temple,Massachusetts,74.57,105.98
166,63,Arizona,UTEP,50.7,129.25
181,41,Iowa St,Akron,33.95,83.39
182,49,Notre Dame,Boston College,11.16,30.96
183,34,Duke,Baylor,53.03,104.83
184,64,Virginia Tech,East Carolina,19.41,107.55
185,26,Florida,Tennessee,69.78,89.17
186,47,Clemson,Louisville,2.1,27.51
187,21,Marshall,Kent,73.74,121.62
188,21,Cincinnati,Miami OH,101.84,97.8
189,29,Michigan,Air Force,23.2,91.62
190,42,Ohio,Kansas,62.63,120.93
191,38,Ohio St,Army,4.96,54.96
192,53,North Carolina,Old Dominion,86.16,108.61
193,56,Penn St,Georgia St,7.69,105.35
194,59,Oklahoma St,Pittsburgh,19.39,64.3
195,23,Kentucky,South Carolina,57.89,38.11
196,41,Syracuse,C Michigan,73.23,67.65
197,54,Toledo,Tulsa,32.47,104.96
198,38,Virginia,Connecticut,63.33,108.29
199,46,Wake Forest,Utah St,32.82,84.57
200,37,W Michigan,Idaho,78.47,112.71
201,41,Alabama,Colorado St,5.06,77.44
202,38,Houston,Rice,48.13,125.18
203,31,Iowa,North Texas,25.89,65.82
204,28,Southern Miss,ULM,78.7,108.66
205,48,Memphis,UCLA,21.31,50.2
206,34,Minnesota,MTSU,71.37,92.5
207,37,Mississippi St,LSU,26.12,21.18
208,35,Purdue,Missouri,44.51,48.54
209,21,N Illinois,Nebraska,57.87,77.64
210,49,Northwestern,Bowling Green,20.83,114.81
211,56,Oklahoma,Tulane,4.97,80.4
212,56,TCU,SMU,15,58.7
213,45,Texas A&M,ULL,45.46,115.28
214,20,Appalachian St,Texas St,71.49,126.47
215,52,Texas Tech,Arizona St,53.54,41.44
216,30,UAB,Coastal Car,89.48,119.83
217,14,Vanderbilt,Kansas St,80.34,45.64
218,23,Louisiana Tech,WKU,88.91,101.64
219,40,Wisconsin,BYU,5.56,104.12
220,27,Troy,New Mexico St,48.22,101.82
221,54,Utah,San Jose St,49.68,125.87
222,27,California,Mississippi,65.23,62.27
223,27,USC,Texas,12.62,44.1
224,48,Washington,Fresno St,11.72,46.19
225,52,Washington St,Oregon St,24.7,115.88
226,49,Oregon,Wyoming,39.78,77.85
227,20,San Diego St,Stanford,34.67,17.31
228,43,South Florida,Temple,35.43,74.57
229,30,Utah,Arizona,49.68,50.7
230,42,Virginia,Boise St,63.33,29.91
234,20,Wake Forest,Appalachian St,32.82,71.49
235,34,Buffalo,FL Atlantic,85.25,37.09
236,31,Miami OH,C Michigan,97.8,67.65
237,28,Georgia St,Charlotte,105.35,126.26
238,34,Clemson,Boston College,2.1,30.96
239,27,Ohio,E Michigan,62.63,89.25
240,27,NC State,Florida St,25.34,40.13
241,31,Georgia,Mississippi St,2.73,26.12
242,35,Georgia Tech,Pittsburgh,48.67,64.3
243,52,Indiana,Ga Southern,62.31,120.79
244,28,Florida,Kentucky,69.78,57.89
245,42,Louisville,Kent,27.51,121.62
246,38,UCF,Maryland,9.1,75.53
247,52,Miami FL,Toledo,12.94,32.47
248,38,Notre Dame,Michigan St,11.16,20.78
249,42,Navy,Cincinnati,51.61,101.84
250,27,Duke,North Carolina,53.03,86.16
251,54,Ohio St,UNLV,4.96,102.19
252,28,Michigan,Purdue,23.2,44.51
253,17,South Carolina,Louisiana Tech,38.11,88.91
254,17,Tennessee,Massachusetts,89.17,105.98
255,38,Virginia Tech,Old Dominion,19.41,108.61
256,49,Oklahoma,Baylor,4.97,104.83
257,27,Texas Tech,Houston,53.54,48.13
258,21,Penn St,Iowa,7.69,25.89
259,56,West Virginia,Kansas,44.8,120.93
260,35,LSU,Syracuse,21.18,73.23
261,56,ULM,ULL,108.66,115.28
262,24,MTSU,Bowling Green,92.5,114.81
263,51,Auburn,Missouri,8.66,48.54
264,27,Nebraska,Rutgers,77.64,92.08
265,46,North Texas,UAB,65.82,89.48
266,44,TCU,Oklahoma St,15,19.39
267,13,Florida Intl,Rice,77.11,125.18
268,44,SMU,Arkansas St,58.7,77.83
269,29,Idaho,South Alabama,112.71,114.65
270,50,Texas A&M,Arkansas,45.46,83.09
271,44,UT San Antonio,Texas St,92.49,126.47
272,22,Troy,Akron,48.22,83.39
273,21,Tulane,Army,80.4,54.96
274,16,New Mexico,Tulsa,113.56,104.96
275,59,Alabama,Vanderbilt,5.06,80.34
276,33,WKU,Ball St,101.64,125.54
277,37,Washington,Colorado,11.72,77.62
278,41,New Mexico St,UTEP,101.82,129.25
279,28,Wyoming,Hawaii,77.85,119.54
280,37,Arizona St,Oregon,41.44,39.78
281,30,USC,California,12.62,65.23
282,61,Utah St,San Jose St,84.57,125.87
283,58,Stanford,UCLA,17.31,50.2
284,45,Washington St,Nevada,24.7,104.18
285,28,San Diego St,Air Force,34.67,91.62
286,41,East Carolina,Connecticut,107.55,108.29
287,17,Texas,Iowa St,44.1,33.95
288,31,Miami FL,Duke,12.94,53.03
289,28,Nebraska,Illinois,77.64,107.92
290,30,Washington St,USC,24.7,12.62
291,40,Utah St,BYU,84.57,104.12
293,28,Boston College,C Michigan,30.96,67.65
294,34,Akron,Bowling Green,83.39,114.81
295,38,Marshall,Cincinnati,73.74,101.84
296,61,South Florida,East Carolina,35.43,107.55
297,30,Florida Intl,Charlotte,77.11,126.26
298,38,Florida,Vanderbilt,69.78,80.34
299,38,FL Atlantic,MTSU,37.09,92.5
300,33,Georgia Tech,North Carolina,48.67,86.16
301,27,Buffalo,Kent,85.25,121.62
302,24,Kentucky,E Michigan,57.89,89.25
303,58,Ohio,Massachusetts,62.63,105.98
304,17,Michigan St,Iowa,20.78,25.89
305,33,NC State,Syracuse,25.34,73.23
306,45,Penn St,Indiana,7.69,62.31
307,42,Pittsburgh,Rice,64.3,125.18
308,56,Ohio St,Rutgers,4.96,92.08
309,20,Houston,Temple,48.13,74.57
310,41,Georgia,Tennessee,2.73,89.17
311,31,Clemson,Virginia Tech,2.1,19.41
312,26,Florida St,Wake Forest,40.13,32.82
313,55,W Michigan,Ball St,78.47,125.54
314,66,Alabama,Mississippi,5.06,62.27
315,42,Arkansas,New Mexico St,83.09,101.82
316,49,Auburn,Mississippi St,8.66,26.12
317,33,Kansas St,Baylor,45.64,104.83
318,24,Troy,LSU,48.22,21.18
319,34,Louisiana Tech,South Alabama,88.91,114.65
320,51,ULM,Coastal Car,108.66,119.83
321,31,Maryland,Minnesota,75.53,71.37
322,49,SMU,Connecticut,58.7,108.29
323,43,North Texas,Southern Miss,65.82,78.7
324,24,Texas A&M,South Carolina,45.46,38.11
325,41,Oklahoma St,Texas Tech,19.39,53.54
326,31,Navy,Tulsa,51.61,104.96
327,33,Wisconsin,Northwestern,5.56,20.83
328,45,Wyoming,Texas St,77.85,126.47
329,41,Fresno St,Nevada,46.19,104.18
330,45,Oregon,California,39.78,65.23
331,42,Washington,Oregon St,11.72,115.88
332,34,Stanford,Arizona St,17.31,41.44
333,27,UCLA,Colorado,50.2,77.62
334,41,UNLV,San Jose St,102.19,125.87
335,35,Army,UTEP,54.96,129.25
336,52,Notre Dame,Miami OH,11.16,97.8
337,51,Colorado St,Hawaii,77.44,119.54
338,56,New Mexico,Air Force,113.56,91.62
339,34,San Diego St,N Illinois,34.67,57.87
340,40,UCF,Memphis,9.1,21.31
341,43,Arkansas St,Ga Southern,77.83,120.79
342,39,NC State,Louisville,25.34,27.51
343,70,Memphis,Connecticut,21.31,108.29
344,24,Boise St,BYU,29.91,104.12
345,24,Miami FL,Florida St,12.94,40.13
346,31,Akron,Ball St,83.39,125.54
347,23,Virginia Tech,Boston College,19.41,30.96
348,71,W Michigan,Buffalo,78.47,85.25
349,14,Marshall,Charlotte,73.74,126.26
350,51,UCF,Cincinnati,9.1,101.84
351,28,Clemson,Wake Forest,2.1,32.82
352,27,Georgia St,Coastal Car,105.35,119.83
353,34,Temple,East Carolina,74.57,107.55
354,17,LSU,Florida,21.18,69.78
355,40,Kentucky,Missouri,57.89,48.54
356,37,Bowling Green,Miami OH,114.81,97.8
357,14,Michigan St,Michigan,20.78,23.2
358,48,Navy,Air Force,51.61,91.62
359,33,Notre Dame,North Carolina,11.16,86.16
360,26,C Michigan,Ohio,67.65,62.63
361,62,Ohio St,Maryland,4.96,75.53
362,58,FL Atlantic,Old Dominion,37.09,108.61
363,31,Purdue,Minnesota,44.51,71.37
364,48,South Carolina,Arkansas,38.11,83.09
365,27,Syracuse,Pittsburgh,73.23,64.3
366,20,Toledo,E Michigan,32.47,89.25
367,28,Virginia,Duke,63.33,53.03
368,45,Appalachian St,New Mexico St,71.49,101.82
369,44,Auburn,Mississippi,8.66,62.27
370,45,Iowa,Illinois,25.89,107.92
371,65,Texas Tech,Kansas,53.54,120.93
372,37,MTSU,Florida Intl,92.5,77.11
373,38,Wisconsin,Nebraska,5.56,77.64
374,24,N Illinois,Kent,57.87,121.62
375,31,Penn St,Northwestern,7.69,20.83
376,38,Iowa St,Oklahoma,33.95,4.97
377,49,Army,Rice,54.96,125.18
378,35,Houston,SMU,48.13,58.7
379,31,TCU,West Virginia,15,44.8
380,40,Texas,Kansas St,44.1,45.64
381,27,Alabama,Texas A&M,5.06,45.46
382,45,ULM,Texas St,108.66,126.47
383,62,Tulane,Tulsa,80.4,104.96
384,23,UAB,Louisiana Tech,89.48,88.91
385,31,Southern Miss,UT San Antonio,78.7,92.49
386,45,Georgia,Vanderbilt,2.73,80.34
387,45,Arizona,Colorado,50.7,77.62
388,15,WKU,UTEP,101.64,129.25
389,23,Stanford,Utah,17.31,49.68
390,27,Colorado St,Utah St,77.44,84.57
391,21,ULL,Idaho,115.28,112.71
392,33,Washington St,Oregon,24.7,39.78
393,27,Fresno St,San Jose St,46.19,125.87
394,41,San Diego St,UNLV,34.67,102.19
395,38,USC,Oregon St,12.62,115.88
396,38,Washington,California,11.72,65.23
397,35,Nevada,Hawaii,104.18,119.54
399,19,South Alabama,Troy,114.65,48.22
400,24,ULL,Texas St,115.28,126.47
401,27,Syracuse,Clemson,73.23,2.1
402,37,California,Washington St,65.23,24.7
403,25,Miami FL,Georgia Tech,12.94,48.67
404,28,Army,E Michigan,54.96,89.25
405,48,Ohio,Bowling Green,62.63,114.81
406,14,N Illinois,Buffalo,57.87,85.25
407,30,Toledo,C Michigan,32.47,67.65
408,17,Florida St,Duke,40.13,53.03
409,23,Florida Intl,Tulane,77.11,80.4
410,19,Texas A&M,Florida,45.46,69.78
411,53,Georgia,Missouri,2.73,48.54
412,27,Michigan,Indiana,23.2,62.31
413,17,Kent,Miami OH,121.62,97.8
414,45,Boston College,Louisville,30.96,27.51
415,35,Marshall,Old Dominion,73.74,108.61
416,37,Northwestern,Maryland,20.83,75.53
417,20,Virginia,North Carolina,63.33,86.16
418,35,NC State,Pittsburgh,25.34,64.3
419,28,Connecticut,Temple,108.29,74.57
420,15,South Carolina,Tennessee,38.11,89.17
421,63,UCF,East Carolina,9.1,107.55
422,46,West Virginia,Texas Tech,44.8,53.54
423,41,Alabama,Arkansas,5.06,83.09
424,51,Arkansas St,Coastal Car,77.83,119.83
425,35,Rutgers,Illinois,92.08,107.92
426,45,Iowa St,Kansas,33.95,120.93
427,26,TCU,Kansas St,15,45.64
428,27,LSU,Auburn,21.18,8.66
429,47,Georgia St,ULM,105.35,108.66
430,30,Memphis,Navy,21.31,51.61
431,30,Michigan St,Minnesota,20.78,71.37
432,35,Mississippi St,BYU,26.12,104.12
433,56,Ohio St,Nebraska,4.96,77.64
434,29,North Texas,UT San Antonio,65.82,92.49
435,29,Oklahoma,Texas,4.97,44.1
436,59,Oklahoma St,Baylor,19.39,104.83
437,57,Mississippi,Vanderbilt,62.27,80.34
438,24,Southern Miss,UTEP,78.7,129.25
439,45,Tulsa,Houston,104.96,48.13
440,25,UAB,MTSU,89.48,92.5
441,45,WKU,Charlotte,101.64,126.26
442,17,Wisconsin,Purdue,5.56,44.51
443,34,Air Force,UNLV,91.62,102.19
444,44,Colorado St,Nevada,77.44,104.18
445,28,Wyoming,Utah St,77.85,84.57
446,47,Arizona,UCLA,50.7,50.2
447,13,Arizona St,Washington,41.44,11.72
448,38,Fresno St,New Mexico,46.19,113.56
449,23,Appalachian St,Idaho,71.49,112.71
450,36,Colorado,Oregon St,77.62,115.88
451,49,Stanford,Oregon,17.31,39.78
452,28,USC,Utah,12.62,49.68
453,35,New Mexico St,Ga Southern,101.82,120.79
454,37,Hawaii,San Jose St,119.54,125.87
455,31,Boise St,San Diego St,29.91,34.67
456,33,South Florida,Cincinnati,35.43,101.84
457,14,Akron,W Michigan,83.39,78.47
458,47,Arkansas St,ULL,77.83,115.28
459,42,Memphis,Houston,21.31,48.13
460,35,WKU,Old Dominion,101.64,108.61
461,38,Marshall,MTSU,73.74,92.5
462,45,Air Force,Nevada,91.62,104.18
463,27,Colorado St,New Mexico,77.44,113.56
464,37,Appalachian St,Coastal Car,71.49,119.83
465,31,Army,Temple,54.96,74.57
466,56,C Michigan,Ball St,67.65,125.54
467,48,N Illinois,Bowling Green,57.87,114.81
468,25,Charlotte,UAB,126.26,89.48
469,31,SMU,Cincinnati,58.7,101.84
470,20,Connecticut,Tulsa,108.29,104.96
471,24,Pittsburgh,Duke,64.3,53.03
472,33,East Carolina,BYU,107.55,104.12
473,20,W Michigan,E Michigan,78.47,89.25
474,69,FL Atlantic,North Texas,37.09,65.82
475,31,Louisville,Florida St,27.51,40.13
476,34,Troy,Georgia St,48.22,105.35
477,38,Georgia Tech,Wake Forest,48.67,32.82
478,55,Massachusetts,Ga Southern,105.98,120.79
479,27,Miami FL,Syracuse,12.94,73.23
480,24,Miami OH,Buffalo,97.8,85.25
481,17,Michigan St,Indiana,20.78,62.31
482,31,UCF,Navy,9.1,51.61
483,48,Ohio,Kent,62.63,121.62
484,42,Penn St,Michigan,7.69,23.2
485,14,Rutgers,Purdue,92.08,44.51
486,48,Toledo,Akron,32.47,83.39
487,41,Boston College,Virginia,30.96,63.33
488,59,Virginia Tech,North Carolina,19.41,86.16
489,45,Alabama,Tennessee,5.06,89.17
490,52,Auburn,Arkansas,8.66,83.09
491,38,West Virginia,Baylor,44.8,104.83
492,42,Oklahoma,Kansas St,4.97,45.64
493,34,Southern Miss,Louisiana Tech,78.7,88.91
494,24,Minnesota,Illinois,71.37,107.92
495,45,Mississippi St,Kentucky,26.12,57.89
496,68,Missouri,Idaho,48.54,112.71
497,17,Northwestern,Iowa,20.83,25.89
498,40,LSU,Mississippi,21.18,62.27
499,33,South Alabama,ULM,114.65,108.66
500,43,TCU,Kansas,15,120.93
501,13,Oklahoma St,Texas,19.39,44.1
502,31,Iowa St,Texas Tech,33.95,53.54
503,34,South Florida,Tulane,35.43,80.4
504,20,UT San Antonio,Rice,92.49,125.18
505,38,Wisconsin,Maryland,5.56,75.53
506,24,Boise St,Wyoming,29.91,77.85
507,30,Arizona St,Utah,41.44,49.68
508,45,Arizona,California,50.7,65.23
509,31,UCLA,Oregon,50.2,39.78
510,52,Utah St,UNLV,84.57,102.19
511,28,Washington St,Colorado,24.7,77.62
512,49,Notre Dame,USC,11.16,12.62
513,27,Fresno St,San Diego St,46.19,34.67
514,58,Toledo,Ball St,32.47,125.54
515,21,Georgia St,South Alabama,105.35,114.65
516,30,N Illinois,E Michigan,57.87,89.25
517,15,Stanford,Oregon St,17.31,115.88
518,35,Boston College,Florida St,30.96,40.13
519,56,Memphis,Tulane,21.31,80.4
520,38,SMU,Tulsa,58.7,104.96
521,21,Akron,Buffalo,83.39,85.25
522,24,Clemson,Georgia Tech,2.1,48.67
523,27,Texas St,Coastal Car,126.47,119.83
524,52,Missouri,Connecticut,48.54,108.29
525,42,Georgia,Florida,2.73,69.78
526,29,Kentucky,Tennessee,57.89,89.17
527,41,Florida Intl,Marshall,77.11,73.74
528,42,Maryland,Indiana,75.53,62.31
529,30,Massachusetts,Appalachian St,105.98,71.49
530,35,Michigan,Rutgers,23.2,92.08
531,24,Miami FL,North Carolina,12.94,86.16
532,39,Ohio St,Penn St,4.96,7.69
533,31,Pittsburgh,Virginia,64.3,63.33
534,25,Nebraska,Purdue,77.64,44.51
535,34,South Carolina,Vanderbilt,38.11,80.34
536,24,Virginia Tech,Duke,19.41,53.03
537,42,Wake Forest,Louisville,32.82,27.51
538,50,Oklahoma St,West Virginia,19.39,44.8
539,41,BYU,San Jose St,104.12,125.87
540,38,Texas,Baylor,44.1,104.83
541,24,Wisconsin,Illinois,5.56,107.92
542,17,Iowa,Minnesota,25.89,71.37
543,14,Iowa St,TCU,33.95,15
544,30,Kansas St,Kansas,45.64,120.93
545,45,North Texas,Old Dominion,65.82,108.61
546,39,Northwestern,Michigan St,20.83,20.78
547,49,Oklahoma,Texas Tech,4.97,53.54
548,38,Arkansas,Mississippi,83.09,62.27
549,42,Louisiana Tech,Rice,88.91,125.18
550,30,UAB,Southern Miss,89.48,78.7
551,35,Mississippi St,Texas A&M,26.12,45.46
552,38,Troy,Ga Southern,48.22,120.79
553,42,FL Atlantic,WKU,37.09,101.64
554,44,Colorado,California,77.62,65.23
555,45,Air Force,Colorado St,91.62,77.44
556,37,Arkansas St,New Mexico St,77.83,101.82
557,31,UT San Antonio,UTEP,92.49,129.25
558,42,Wyoming,New Mexico,77.85,113.56
559,48,USC,Arizona St,12.62,41.44
560,26,UNLV,Fresno St,102.19,46.19
561,31,Idaho,ULM,112.71,108.66
562,41,Oregon,Utah,39.78,49.68
563,44,Washington,UCLA,11.72,50.2
564,35,Notre Dame,NC State,11.16,25.34
565,58,Arizona,Washington St,50.7,24.7
566,28,San Diego St,Hawaii,34.67,119.54
567,41,Boise St,Utah St,29.91,84.57
568,28,Houston,South Florida,48.13,35.43
570,44,Bowling Green,Kent,114.81,121.62
571,45,Ohio,Miami OH,62.63,97.8
572,35,C Michigan,W Michigan,67.65,78.47
573,56,E Michigan,Ball St,89.25,125.54
574,34,Temple,Navy,74.57,51.61
575,27,Toledo,N Illinois,32.47,57.87
576,24,Troy,Idaho,48.22,112.71
577,41,Memphis,Tulsa,21.31,104.96
578,48,Utah,UCLA,49.68,50.2
579,30,FL Atlantic,Marshall,37.09,73.74
580,14,Florida Intl,UT San Antonio,77.11,92.49
581,27,Florida St,Syracuse,40.13,73.23
582,24,Georgia,South Carolina,2.73,38.11
583,45,Wisconsin,Indiana,5.56,62.31
584,37,Mississippi,Kentucky,62.27,57.89
585,28,Miami FL,Virginia Tech,12.94,19.41
586,33,Michigan,Minnesota,23.2,71.37
587,27,Michigan St,Penn St,20.78,7.69
588,38,Clemson,NC State,2.1,25.34
589,6,Old Dominion,Charlotte,108.61,126.26
590,29,Purdue,Illinois,44.51,107.92
591,24,Tennessee,Southern Miss,89.17,78.7
592,40,Virginia,Georgia Tech,63.33,48.67
593,20,West Virginia,Iowa St,44.8,33.95
594,24,Alabama,LSU,5.06,21.18
595,39,Arkansas,Coastal Car,83.09,119.83
596,55,Iowa,Ohio St,25.89,4.96
597,38,Baylor,Kansas,104.83,120.93
598,24,North Texas,Louisiana Tech,65.82,88.91
599,52,ULM,Appalachian St,108.66,71.49
600,30,MTSU,UTEP,92.5,129.25
601,34,Mississippi St,Massachusetts,26.12,105.98
602,45,Missouri,Florida,48.54,69.78
603,31,Northwestern,Nebraska,20.83,77.64
604,62,Oklahoma,Oklahoma St,4.97,19.39
605,31,UCF,SMU,9.1,58.7
606,19,ULL,South Alabama,115.28,114.65
607,24,TCU,Texas,15,44.1
608,42,Auburn,Texas A&M,8.66,45.46
609,45,New Mexico St,Texas St,101.82,126.47
610,42,Kansas St,Texas Tech,45.64,53.54
611,17,Cincinnati,Tulane,101.84,80.4
612,52,UAB,Rice,89.48,125.18
613,31,Vanderbilt,WKU,80.34,101.64
614,41,Boise St,Nevada,29.91,104.18
615,24,Utah St,New Mexico,84.57,113.56
616,41,Arizona St,Colorado,41.44,77.62
617,37,California,Oregon St,65.23,115.88
618,20,Fresno St,BYU,46.19,104.12
619,21,Georgia St,Ga Southern,105.35,120.79
620,52,San Diego St,San Jose St,34.67,125.87
621,31,UNLV,Hawaii,102.19,119.54
622,49,USC,Arizona,12.62,50.7
623,38,Washington,Oregon,11.72,39.78
624,24,Washington St,Stanford,24.7,17.31
625,21,Army,Air Force,54.96,91.62
626,48,Notre Dame,Wake Forest,11.16,32.82
627,16,Wyoming,Colorado St,77.85,77.44
628,37,South Florida,Connecticut,35.43,108.29
629,52,Houston,East Carolina,48.13,107.55
630,31,Rutgers,Maryland,92.08,75.53
631,38,Buffalo,Bowling Green,85.25,114.81
632,24,Miami OH,Akron,97.8,83.39
633,42,C Michigan,E Michigan,67.65,89.25
634,38,Ohio,Toledo,62.63,32.47
635,48,W Michigan,Kent,78.47,121.62
636,27,Appalachian St,Ga Southern,71.49,120.79
637,34,North Carolina,Pittsburgh,86.16,64.3
638,63,N Illinois,Ball St,57.87,125.54
639,35,Temple,Cincinnati,74.57,101.84
640,30,Stanford,Washington,17.31,11.72
641,31,BYU,UNLV,104.12,102.19
643,21,Army,Duke,54.96,53.03
644,17,NC State,Boston College,25.34,30.96
645,35,MTSU,Charlotte,92.5,126.26
646,31,Clemson,Florida St,2.1,40.13
647,42,Troy,Coastal Car,48.22,119.83
648,31,Tulane,East Carolina,80.4,107.55
649,37,Old Dominion,Florida Intl,108.61,77.11
650,28,Georgia Tech,Virginia Tech,48.67,19.41
651,38,Louisville,Virginia,27.51,63.33
652,30,Marshall,WKU,73.74,101.64
653,35,Michigan,Maryland,23.2,75.53
654,41,Miami FL,Notre Dame,12.94,11.16
655,43,Navy,SMU,51.61,58.7
656,48,Ohio St,Michigan St,4.96,20.78
657,35,Penn St,Rutgers,7.69,92.08
658,28,South Carolina,Florida,38.11,69.78
659,64,Wake Forest,Syracuse,32.82,73.23
660,49,UCF,Connecticut,9.1,108.29
661,40,Auburn,Georgia,8.66,2.73
662,24,Indiana,Illinois,62.31,107.92
663,49,Oklahoma St,Iowa St,19.39,33.95
664,28,West Virginia,Kansas St,44.8,45.64
665,33,LSU,Arkansas,21.18,83.09
666,48,FL Atlantic,Louisiana Tech,37.09,88.91
667,54,Minnesota,Nebraska,71.37,77.64
668,31,Alabama,Mississippi St,5.06,26.12
669,50,Missouri,Tennessee,48.54,89.17
670,45,North Texas,UTEP,65.82,129.25
671,23,Northwestern,Purdue,20.83,44.51
672,38,Oklahoma,TCU,4.97,15
673,50,Mississippi,ULL,62.27,115.28
674,43,Southern Miss,Rice,78.7,125.18
675,24,South Alabama,Arkansas St,114.65,77.83
676,42,Texas,Kansas,44.1,120.93
677,55,Texas A&M,New Mexico,45.46,113.56
678,33,Georgia St,Texas St,105.35,126.47
679,38,Texas Tech,Baylor,53.54,104.83
680,24,UAB,UT San Antonio,89.48,92.49
681,44,Kentucky,Vanderbilt,57.89,80.34
682,38,Wisconsin,Iowa,5.56,25.89
683,28,Wyoming,Air Force,77.85,91.62
684,49,Arizona,Oregon St,50.7,115.88
685,38,USC,Colorado,12.62,77.62
686,33,Washington St,Utah,24.7,49.68
687,59,Nevada,San Jose St,104.18,125.87
688,44,UCLA,Arizona St,50.2,41.44
689,31,Fresno St,Hawaii,46.19,119.54
690,59,Boise St,Colorado St,29.91,77.44
691,37,Akron,Ohio,83.39,62.63
692,66,Toledo,Bowling Green,32.47,114.81
693,42,C Michigan,Kent,67.65,121.62
694,27,E Michigan,Miami OH,89.25,97.8
695,35,N Illinois,W Michigan,57.87,78.47
696,40,Buffalo,Ball St,85.25,125.54
697,27,South Florida,Tulsa,35.43,104.96
698,38,UNLV,New Mexico,102.19,113.56
699,41,WKU,MTSU,101.64,92.5
705,39,Boston College,Connecticut,30.96,108.29
706,43,Duke,Georgia Tech,53.03,48.67
707,48,East Carolina,Cincinnati,107.55,101.84
708,36,Florida,UAB,69.78,89.48
709,52,FL Atlantic,Florida Intl,37.09,77.11
710,42,Georgia,Kentucky,2.73,57.89
711,41,Indiana,Rutgers,62.31,92.08
712,56,Louisville,Syracuse,27.51,73.23
713,44,Miami FL,Virginia,12.94,63.33
714,17,Michigan St,Maryland,20.78,75.53
715,52,Ohio St,Illinois,4.96,107.92
716,24,Old Dominion,Rice,108.61,125.18
717,56,Penn St,Nebraska,7.69,77.64
718,45,UCF,Temple,9.1,74.57
719,20,Virginia Tech,Pittsburgh,19.41,64.3
720,30,Wake Forest,NC State,32.82,25.34
721,28,Texas,West Virginia,44.1,44.8
722,28,Mississippi St,Arkansas,26.12,83.09
723,30,Arkansas St,Texas St,77.83,126.47
724,42,Auburn,ULM,8.66,108.66
725,23,Iowa St,Baylor,33.95,104.83
726,42,Colorado St,San Jose St,77.44,125.87
727,24,Purdue,Iowa,44.51,25.89
728,41,Oklahoma,Kansas,4.97,120.93
729,47,ULL,New Mexico St,115.28,101.82
730,66,Memphis,SMU,21.31,58.7
731,52,North Texas,Army,65.82,54.96
732,39,Northwestern,Minnesota,20.83,71.37
733,45,Kansas St,Oklahoma St,45.64,19.39
734,31,Texas A&M,Mississippi,45.46,62.27
735,66,Southern Miss,Charlotte,78.7,126.26
736,30,LSU,Tennessee,21.18,89.17
737,27,TCU,Texas Tech,15,53.54
738,20,Tulane,Houston,80.4,48.13
739,9,UT San Antonio,Marshall,92.49,73.74
740,45,Missouri,Vanderbilt,48.54,80.34
741,24,Wisconsin,Michigan,5.56,23.2
742,16,Massachusetts,BYU,105.98,104.12
743,44,Boise St,Air Force,29.91,91.62
744,42,Louisiana Tech,UTEP,88.91,129.25
745,38,Utah St,Hawaii,84.57,119.54
746,13,Fresno St,Wyoming,46.19,77.85
747,52,Ga Southern,South Alabama,120.79,114.65
748,13,Coastal Car,Idaho,119.83,112.71
749,48,Oregon,Arizona,39.78,50.7
750,40,Arizona St,Oregon St,41.44,115.88
751,17,Stanford,California,17.31,65.23
752,28,USC,UCLA,12.62,50.2
753,33,Washington,Utah,11.72,49.68
754,24,Notre Dame,Navy,11.16,51.61
755,42,San Diego St,Nevada,34.67,104.18
756,24,Akron,Kent,83.39,121.62
757,28,Miami OH,Ball St,97.8,125.54
758,34,E Michigan,Bowling Green,89.25,114.81
759,31,Mississippi,Mississippi St,62.27,26.12
760,31,Buffalo,Ohio,85.25,62.63
761,31,C Michigan,N Illinois,67.65,57.87
762,24,Pittsburgh,Miami FL,64.3,12.94
763,37,Toledo,W Michigan,32.47,78.47
764,49,UCF,South Florida,9.1,35.43
765,10,Virginia Tech,Virginia,19.41,63.33
766,24,Houston,Navy,48.13,51.61
767,56,Iowa,Nebraska,25.89,77.64
768,45,TCU,Baylor,15,104.83
769,27,Texas Tech,Texas,53.54,44.1
770,35,San Diego St,New Mexico,34.67,113.56
771,41,Florida Intl,WKU,77.11,101.64
772,48,Missouri,Arkansas,48.54,83.09
773,62,Troy,Texas St,48.22,126.47
774,30,UCLA,California,50.2,65.23
775,31,FL Atlantic,Charlotte,37.09,126.26
776,22,Cincinnati,Connecticut,101.84,108.29
777,38,Florida St,Florida,40.13,69.78
778,31,Appalachian St,Georgia St,71.49,105.35
779,38,Georgia,Georgia Tech,2.73,48.67
780,44,Louisville,Kentucky,27.51,57.89
781,28,Southern Miss,Marshall,78.7,73.74
782,66,Penn St,Maryland,7.69,75.53
783,31,Ohio St,Michigan,4.96,23.2
784,33,NC State,North Carolina,25.34,86.16
785,31,Purdue,Indiana,44.51,62.31
786,40,Michigan St,Rutgers,20.78,92.08
787,34,Clemson,South Carolina,2.1,38.11
788,42,Boston College,Syracuse,30.96,73.23
789,42,Vanderbilt,Tennessee,80.34,89.17
790,31,Duke,Wake Forest,53.03,32.82
791,26,Auburn,Alabama,8.66,5.06
792,42,Northwestern,Illinois,20.83,107.92
793,20,Kansas St,Iowa St,45.64,33.95
794,45,LSU,Texas A&M,21.18,45.46
795,34,Ga Southern,ULL,120.79,115.28
796,20,Louisiana Tech,UT San Antonio,88.91,92.49
797,67,Arkansas St,ULM,77.83,108.66
798,70,Memphis,East Carolina,21.31,107.55
799,41,MTSU,Old Dominion,92.5,108.61
800,31,Wisconsin,Minnesota,5.56,71.37
801,59,Oklahoma,West Virginia,4.97,44.8
802,58,Oklahoma St,Kansas,19.39,120.93
803,30,North Texas,Rice,65.82,125.18
804,41,SMU,Tulane,58.7,80.4
805,43,Temple,Tulsa,74.57,104.96
806,28,UAB,UTEP,89.48,129.25
807,38,Air Force,Utah St,91.62,84.57
808,42,Arizona St,Arizona,41.44,50.7
809,17,New Mexico St,Idaho,101.82,112.71
810,34,Utah,Colorado,49.68,77.62
811,23,Nevada,UNLV,104.18,102.19
812,69,Oregon,Oregon St,39.78,115.88
813,20,San Jose St,Wyoming,125.87,77.85
814,38,Stanford,Notre Dame,17.31,11.16
815,41,Washington,Washington St,11.72,24.7
816,28,Fresno St,Boise St,46.19,29.91
817,30,BYU,Hawaii,104.12,119.54
818,31,USC,Stanford,12.62,17.31
819,63,Appalachian St,ULL,71.49,115.28
820,28,Coastal Car,Ga Southern,119.83,120.79
821,24,Idaho,Georgia St,112.71,105.35
822,32,Troy,Arkansas St,48.22,77.83
823,22,New Mexico St,South Alabama,101.82,114.65
824,63,Florida Intl,Massachusetts,77.11,105.98
825,42,Florida St,ULM,40.13,108.66
826,62,UCF,Memphis,9.1,21.31
827,38,Clemson,Miami FL,2.1,12.94
828,41,FL Atlantic,North Texas,37.09,65.82
829,28,Georgia,Auburn,2.73,8.66
830,45,Toledo,Akron,32.47,83.39
831,27,Ohio St,Wisconsin,4.96,5.56
832,41,Oklahoma,TCU,4.97,15
833,17,Boise St,Fresno St,29.91,46.19
834,14,Army,Navy,54.96,51.61
835,50,Troy,North Texas,48.22,65.82
836,27,Georgia St,WKU,105.35,101.64
837,38,Boise St,Oregon,29.91,39.78
838,31,Marshall,Colorado St,73.74,77.44
839,35,MTSU,Arkansas St,92.5,77.83
840,50,FL Atlantic,Akron,37.09,83.39
841,51,Louisiana Tech,SMU,88.91,58.7
842,28,Temple,Florida Intl,74.57,77.11
843,41,Ohio,UAB,62.63,89.48
844,37,Wyoming,C Michigan,77.85,67.65
845,38,South Florida,Texas Tech,35.43,53.54
846,42,Army,San Diego St,54.96,34.67
847,34,Appalachian St,Toledo,71.49,32.47
848,33,Fresno St,Houston,46.19,48.13
849,30,Utah,West Virginia,49.68,44.8
850,36,Duke,N Illinois,53.03,57.87
851,35,Kansas St,UCLA,45.64,50.2
2,35,Massachusetts,Hawaii,105.98,119.54
3,27,Oregon St,Colorado St,115.88,77.44
4,22,San Jose St,South Florida,125.87,35.43
5,7,Rice,Stanford,125.18,17.31
15,21,Indiana,Ohio St,62.31,4.96
16,29,ULM,Memphis,108.66,21.31
17,7,Buffalo,Minnesota,85.25,71.37
18,31,New Mexico St,Arizona St,101.82,41.44
19,17,Florida Intl,UCF,77.11,9.1
20,24,Tulsa,Oklahoma St,104.96,19.39
23,7,Charlotte,E Michigan,126.26,89.25
24,14,Rutgers,Washington,92.08,11.72
25,20,N Illinois,Boston College,57.87,30.96
26,10,Utah St,Wisconsin,84.57,5.56
27,3,Colorado St,Colorado,77.44,77.62
28,19,FL Atlantic,Navy,37.09,51.61
64,3,Kent,Clemson,121.62,2.1
65,28,Massachusetts,Coastal Car,105.98,119.83
66,7,Florida St,Alabama,40.13,5.06
67,10,Appalachian St,Georgia,71.49,2.73
68,26,Miami OH,Marshall,97.8,73.74
69,10,Bowling Green,Michigan St,114.81,20.78
70,30,North Carolina,California,86.16,65.23
71,28,NC State,South Carolina,25.34,38.11
72,0,Akron,Penn St,83.39,7.69
73,28,Purdue,Louisville,44.51,27.51
74,7,Ga Southern,Auburn,120.79,8.66
75,0,BYU,LSU,104.12,21.18
76,17,Florida,Michigan,69.78,23.2
77,21,Ball St,Illinois,125.54,107.92
78,3,Wyoming,Iowa,77.85,25.89
79,36,Arkansas St,Nebraska,77.83,77.64
80,20,Nevada,Northwestern,104.18,20.83
81,7,UTEP,Oklahoma,129.25,4.97
82,27,South Alabama,Mississippi,114.65,62.27
83,41,Texas,Maryland,44.1,75.53
84,13,Troy,Boise St,48.22,29.91
85,31,W Michigan,USC,78.47,12.62
86,16,Temple,Notre Dame,74.57,11.16
87,17,Southern Miss,Kentucky,78.7,57.89
88,6,MTSU,Vanderbilt,92.5,80.34
89,44,Texas A&M,UCLA,45.46,50.2
90,24,West Virginia,Virginia Tech,44.8,19.41
91,41,Georgia Tech,Tennessee,48.67,89.17
94,21,Ohio,Purdue,62.63,44.51
95,7,South Alabama,Oklahoma St,114.65,19.39
119,17,Buffalo,Army,85.25,54.96
120,31,UAB,Ball St,89.48,125.54
121,10,Boston College,Wake Forest,30.96,32.82
122,6,Auburn,Clemson,8.66,2.1
123,17,Northwestern,Duke,20.83,53.03
124,7,Massachusetts,Old Dominion,105.98,108.61
125,14,Cincinnati,Michigan,101.84,23.2
126,14,W Michigan,Michigan St,78.47,20.78
127,21,Tulane,Navy,80.4,51.61
128,35,North Carolina,Louisville,86.16,27.51
129,20,Marshall,NC State,73.74,25.34
130,16,Ohio St,Oklahoma,4.96,4.97
131,14,Pittsburgh,Penn St,64.3,7.69
132,13,Rutgers,E Michigan,92.08,89.25
133,23,Syracuse,MTSU,73.23,92.5
134,17,Virginia,Indiana,63.33,62.31
135,20,East Carolina,West Virginia,107.55,44.8
136,10,Fresno St,Alabama,46.19,5.06
137,7,Arkansas,TCU,83.09,15
138,10,Baylor,UT San Antonio,104.83,92.49
139,7,WKU,Illinois,101.64,107.92
140,41,Iowa St,Iowa,33.95,25.89
141,27,Kansas,C Michigan,120.93,67.65
142,7,Charlotte,Kansas St,126.26,45.64
143,13,Missouri,South Carolina,48.54,38.11
144,32,North Texas,SMU,65.82,58.7
145,0,San Jose St,Texas,125.87,44.1
146,42,ULL,Tulsa,115.28,104.96
147,14,FL Atlantic,Wisconsin,37.09,5.56
148,13,BYU,Utah,104.12,49.68
149,3,Texas St,Colorado,126.47,77.62
150,28,New Mexico,New Mexico St,113.56,101.82
151,14,UTEP,Rice,129.25,125.18
152,16,Arizona,Houston,50.7,48.13
153,20,Arizona St,San Diego St,41.44,34.67
154,16,Idaho,UNLV,112.71,102.19
155,24,Nevada,Toledo,104.18,32.47
156,35,Nebraska,Oregon,77.64,39.78
157,14,Oregon St,Minnesota,115.88,71.37
158,23,Hawaii,UCLA,119.54,50.2
159,24,Stanford,USC,17.31,12.62
160,44,Boise St,Washington St,29.91,24.7
161,21,Louisiana Tech,Mississippi St,88.91,26.12
162,19,Notre Dame,Georgia,11.16,2.73
163,14,New Mexico,Boise St,113.56,29.91
164,23,Illinois,South Florida,107.92,35.43
165,21,Massachusetts,Temple,105.98,74.57
166,16,UTEP,Arizona,129.25,50.7
181,14,Akron,Iowa St,83.39,33.95
182,20,Boston College,Notre Dame,30.96,11.16
183,20,Baylor,Duke,104.83,53.03
184,17,East Carolina,Virginia Tech,107.55,19.41
185,20,Tennessee,Florida,89.17,69.78
186,21,Louisville,Clemson,27.51,2.1
187,0,Kent,Marshall,121.62,73.74
188,17,Miami OH,Cincinnati,97.8,101.84
189,13,Air Force,Michigan,91.62,23.2
190,30,Kansas,Ohio,120.93,62.63
191,7,Army,Ohio St,54.96,4.96
192,23,Old Dominion,North Carolina,108.61,86.16
193,0,Georgia St,Penn St,105.35,7.69
194,21,Pittsburgh,Oklahoma St,64.3,19.39
195,13,South Carolina,Kentucky,38.11,57.89
196,17,C Michigan,Syracuse,67.65,73.23
197,51,Tulsa,Toledo,104.96,32.47
198,18,Connecticut,Virginia,108.29,63.33
199,10,Utah St,Wake Forest,84.57,32.82
200,28,Idaho,W Michigan,112.71,78.47
201,23,Colorado St,Alabama,77.44,5.06
202,3,Rice,Houston,125.18,48.13
203,14,North Texas,Iowa,65.82,25.89
204,17,ULM,Southern Miss,108.66,78.7
205,45,UCLA,Memphis,50.2,21.31
206,3,MTSU,Minnesota,92.5,71.37
207,7,LSU,Mississippi St,21.18,26.12
208,3,Missouri,Purdue,48.54,44.51
209,17,Nebraska,N Illinois,77.64,57.87
210,7,Bowling Green,Northwestern,114.81,20.83
211,14,Tulane,Oklahoma,80.4,4.97
212,36,SMU,TCU,58.7,15
213,21,ULL,Texas A&M,115.28,45.46
214,13,Texas St,Appalachian St,126.47,71.49
215,45,Arizona St,Texas Tech,41.44,53.54
216,23,Coastal Car,UAB,119.83,89.48
217,7,Kansas St,Vanderbilt,45.64,80.34
218,22,WKU,Louisiana Tech,101.64,88.91
219,6,BYU,Wisconsin,104.12,5.56
220,24,New Mexico St,Troy,101.82,48.22
221,16,San Jose St,Utah,125.87,49.68
222,16,Mississippi,California,62.27,65.23
223,24,Texas,USC,44.1,12.62
224,16,Fresno St,Washington,46.19,11.72
225,23,Oregon St,Washington St,115.88,24.7
226,13,Wyoming,Oregon,77.85,39.78
227,17,Stanford,San Diego St,17.31,34.67
228,7,Temple,South Florida,74.57,35.43
229,24,Arizona,Utah,50.7,49.68
230,23,Boise St,Virginia,29.91,63.33
234,19,Appalachian St,Wake Forest,71.49,32.82
235,31,FL Atlantic,Buffalo,37.09,85.25
236,14,C Michigan,Miami OH,67.65,97.8
237,0,Charlotte,Georgia St,126.26,105.35
238,7,Boston College,Clemson,30.96,2.1
239,20,E Michigan,Ohio,89.25,62.63
240,21,Florida St,NC State,40.13,25.34
241,3,Mississippi St,Georgia,26.12,2.73
242,17,Pittsburgh,Georgia Tech,64.3,48.67
243,17,Ga Southern,Indiana,120.79,62.31
244,27,Kentucky,Florida,57.89,69.78
245,3,Kent,Louisville,121.62,27.51
246,10,Maryland,UCF,75.53,9.1
247,30,Toledo,Miami FL,32.47,12.94
248,18,Michigan St,Notre Dame,20.78,11.16
249,32,Cincinnati,Navy,101.84,51.61
250,17,North Carolina,Duke,86.16,53.03
251,21,UNLV,Ohio St,102.19,4.96
252,10,Purdue,Michigan,44.51,23.2
253,16,Louisiana Tech,South Carolina,88.91,38.11
254,13,Massachusetts,Tennessee,105.98,89.17
255,0,Old Dominion,Virginia Tech,108.61,19.41
256,41,Baylor,Oklahoma,104.83,4.97
257,24,Houston,Texas Tech,48.13,53.54
258,19,Iowa,Penn St,25.89,7.69
259,34,Kansas,West Virginia,120.93,44.8
260,26,Syracuse,LSU,73.23,21.18
261,50,ULL,ULM,115.28,108.66
262,13,Bowling Green,MTSU,114.81,92.5
263,14,Missouri,Auburn,48.54,8.66
264,17,Rutgers,Nebraska,92.08,77.64
265,43,UAB,North Texas,89.48,65.82
266,31,Oklahoma St,TCU,19.39,15
267,7,Rice,Florida Intl,125.18,77.11
268,21,Arkansas St,SMU,77.83,58.7
269,23,South Alabama,Idaho,114.65,112.71
270,43,Arkansas,Texas A&M,83.09,45.46
271,14,Texas St,UT San Antonio,126.47,92.49
272,17,Akron,Troy,83.39,48.22
273,17,Army,Tulane,54.96,80.4
274,13,Tulsa,New Mexico,104.96,113.56
275,0,Vanderbilt,Alabama,80.34,5.06
276,21,Ball St,WKU,125.54,101.64
277,10,Colorado,Washington,77.62,11.72
278,14,UTEP,New Mexico St,129.25,101.82
279,21,Hawaii,Wyoming,119.54,77.85
280,35,Oregon,Arizona St,39.78,41.44
281,20,California,USC,65.23,12.62
282,10,San Jose St,Utah St,125.87,84.57
283,34,UCLA,Stanford,50.2,17.31
284,7,Nevada,Washington St,104.18,24.7
285,24,Air Force,San Diego St,91.62,34.67
286,38,Connecticut,East Carolina,108.29,107.55
287,7,Iowa St,Texas,33.95,44.1
288,6,Duke,Miami FL,53.03,12.94
289,6,Illinois,Nebraska,107.92,77.64
290,27,USC,Washington St,12.62,24.7
291,24,BYU,Utah St,104.12,84.57
293,8,C Michigan,Boston College,67.65,30.96
294,23,Bowling Green,Akron,114.81,83.39
295,21,Cincinnati,Marshall,101.84,73.74
296,31,East Carolina,South Florida,107.55,35.43
297,29,Charlotte,Florida Intl,126.26,77.11
298,24,Vanderbilt,Florida,80.34,69.78
299,20,MTSU,FL Atlantic,92.5,37.09
300,7,North Carolina,Georgia Tech,86.16,48.67
301,13,Kent,Buffalo,121.62,85.25
302,20,E Michigan,Kentucky,89.25,57.89
303,50,Massachusetts,Ohio,105.98,62.63
304,10,Iowa,Michigan St,25.89,20.78
305,25,Syracuse,NC State,73.23,25.34
306,14,Indiana,Penn St,62.31,7.69
307,10,Rice,Pittsburgh,125.18,64.3
308,0,Rutgers,Ohio St,92.08,4.96
309,13,Temple,Houston,74.57,48.13
310,0,Tennessee,Georgia,89.17,2.73
311,17,Virginia Tech,Clemson,19.41,2.1
312,19,Wake Forest,Florida St,32.82,40.13
313,3,Ball St,W Michigan,125.54,78.47
314,3,Mississippi,Alabama,62.27,5.06
315,24,New Mexico St,Arkansas,101.82,83.09
316,10,Mississippi St,Auburn,26.12,8.66
317,20,Baylor,Kansas St,104.83,45.64
318,21,LSU,Troy,21.18,48.22
319,16,South Alabama,Louisiana Tech,114.65,88.91
320,43,Coastal Car,ULM,119.83,108.66
321,24,Minnesota,Maryland,71.37,75.53
322,28,Connecticut,SMU,108.29,58.7
323,28,Southern Miss,North Texas,78.7,65.82
324,17,South Carolina,Texas A&M,38.11,45.46
325,34,Texas Tech,Oklahoma St,53.54,19.39
326,21,Tulsa,Navy,104.96,51.61
327,24,Northwestern,Wisconsin,20.83,5.56
328,10,Texas St,Wyoming,126.47,77.85
329,21,Nevada,Fresno St,104.18,46.19
330,24,California,Oregon,65.23,39.78
331,7,Oregon St,Washington,115.88,11.72
332,24,Arizona St,Stanford,41.44,17.31
333,23,Colorado,UCLA,77.62,50.2
334,13,San Jose St,UNLV,125.87,102.19
335,21,UTEP,Army,129.25,54.96
336,17,Miami OH,Notre Dame,97.8,11.16
337,21,Hawaii,Colorado St,119.54,77.44
338,38,Air Force,New Mexico,91.62,113.56
339,28,N Illinois,San Diego St,57.87,34.67
340,13,Memphis,UCF,21.31,9.1
341,25,Ga Southern,Arkansas St,120.79,77.83
342,25,Louisville,NC State,27.51,25.34
343,31,Connecticut,Memphis,108.29,21.31
344,7,BYU,Boise St,104.12,29.91
345,20,Florida St,Miami FL,40.13,12.94
346,3,Ball St,Akron,125.54,83.39
347,10,Boston College,Virginia Tech,30.96,19.41
348,68,Buffalo,W Michigan,85.25,78.47
349,3,Charlotte,Marshall,126.26,73.74
350,23,Cincinnati,UCF,101.84,9.1
351,14,Wake Forest,Clemson,32.82,2.1
352,21,Coastal Car,Georgia St,119.83,105.35
353,10,East Carolina,Temple,107.55,74.57
354,16,Florida,LSU,69.78,21.18
355,34,Missouri,Kentucky,48.54,57.89
356,29,Miami OH,Bowling Green,97.8,114.81
357,10,Michigan,Michigan St,23.2,20.78
358,45,Air Force,Navy,91.62,51.61
359,10,North Carolina,Notre Dame,86.16,11.16
360,23,Ohio,C Michigan,62.63,67.65
361,14,Maryland,Ohio St,75.53,4.96
362,28,Old Dominion,FL Atlantic,108.61,37.09
363,17,Minnesota,Purdue,71.37,44.51
364,22,Arkansas,South Carolina,83.09,38.11
365,24,Pittsburgh,Syracuse,64.3,73.23
366,15,E Michigan,Toledo,89.25,32.47
367,21,Duke,Virginia,53.03,63.33
368,31,New Mexico St,Appalachian St,101.82,71.49
369,23,Mississippi,Auburn,62.27,8.66
370,16,Illinois,Iowa,107.92,25.89
371,19,Kansas,Texas Tech,120.93,53.54
372,17,Florida Intl,MTSU,77.11,92.5
373,17,Nebraska,Wisconsin,77.64,5.56
374,3,Kent,N Illinois,121.62,57.87
375,7,Northwestern,Penn St,20.83,7.69
376,31,Oklahoma,Iowa St,4.97,33.95
377,12,Rice,Army,125.18,54.96
378,22,SMU,Houston,58.7,48.13
379,24,West Virginia,TCU,44.8,15
380,34,Kansas St,Texas,45.64,44.1
381,19,Texas A&M,Alabama,45.46,5.06
382,27,Texas St,ULM,126.47,108.66
383,28,Tulsa,Tulane,104.96,80.4
384,22,Louisiana Tech,UAB,88.91,89.48
385,29,UT San Antonio,Southern Miss,92.49,78.7
386,14,Vanderbilt,Georgia,80.34,2.73
387,42,Colorado,Arizona,77.62,50.7
388,14,UTEP,WKU,129.25,101.64
389,20,Utah,Stanford,49.68,17.31
390,14,Utah St,Colorado St,84.57,77.44
391,16,Idaho,ULL,112.71,115.28
392,10,Oregon,Washington St,39.78,24.7
393,10,San Jose St,Fresno St,125.87,46.19
394,10,UNLV,San Diego St,102.19,34.67
395,10,Oregon St,USC,115.88,12.62
396,7,California,Washington,65.23,11.72
397,21,Hawaii,Nevada,119.54,104.18
399,8,Troy,South Alabama,48.22,114.65
400,7,Texas St,ULL,126.47,115.28
401,24,Clemson,Syracuse,2.1,73.23
402,3,Washington St,California,24.7,65.23
403,24,Georgia Tech,Miami FL,48.67,12.94
404,27,E Michigan,Army,89.25,54.96
405,30,Bowling Green,Ohio,114.81,62.63
406,13,Buffalo,N Illinois,85.25,57.87
407,10,C Michigan,Toledo,67.65,32.47
408,10,Duke,Florida St,53.03,40.13
409,10,Tulane,Florida Intl,80.4,77.11
410,17,Florida,Texas A&M,69.78,45.46
411,28,Missouri,Georgia,48.54,2.73
412,20,Indiana,Michigan,62.31,23.2
413,14,Miami OH,Kent,97.8,121.62
414,42,Louisville,Boston College,27.51,30.96
415,3,Old Dominion,Marshall,108.61,73.74
416,21,Maryland,Northwestern,75.53,20.83
417,14,North Carolina,Virginia,86.16,63.33
418,17,Pittsburgh,NC State,64.3,25.34
419,24,Temple,Connecticut,74.57,108.29
420,9,Tennessee,South Carolina,89.17,38.11
421,21,East Carolina,UCF,107.55,9.1
422,35,Texas Tech,West Virginia,53.54,44.8
423,9,Arkansas,Alabama,83.09,5.06
424,17,Coastal Car,Arkansas St,119.83,77.83
425,24,Illinois,Rutgers,107.92,92.08
426,0,Kansas,Iowa St,120.93,33.95
427,6,Kansas St,TCU,45.64,15
428,23,Auburn,LSU,8.66,21.18
429,37,ULM,Georgia St,108.66,105.35
430,27,Navy,Memphis,51.61,21.31
431,27,Minnesota,Michigan St,71.37,20.78
432,10,BYU,Mississippi St,104.12,26.12
433,14,Nebraska,Ohio St,77.64,4.96
434,26,UT San Antonio,North Texas,92.49,65.82
435,24,Texas,Oklahoma,44.1,4.97
436,16,Baylor,Oklahoma St,104.83,19.39
437,35,Vanderbilt,Mississippi,80.34,62.27
438,0,UTEP,Southern Miss,129.25,78.7
439,17,Houston,Tulsa,48.13,104.96
440,23,MTSU,UAB,92.5,89.48
441,14,Charlotte,WKU,126.26,101.64
442,9,Purdue,Wisconsin,44.51,5.56
443,30,UNLV,Air Force,102.19,91.62
444,42,Nevada,Colorado St,104.18,77.44
445,23,Utah St,Wyoming,84.57,77.85
446,30,UCLA,Arizona,50.2,50.7
447,7,Washington,Arizona St,11.72,41.44
448,0,New Mexico,Fresno St,113.56,46.19
449,20,Idaho,Appalachian St,112.71,71.49
450,33,Oregon St,Colorado,115.88,77.62
451,7,Oregon,Stanford,39.78,17.31
452,27,Utah,USC,49.68,12.62
453,27,Ga Southern,New Mexico St,120.79,101.82
454,26,San Jose St,Hawaii,125.87,119.54
455,14,San Diego St,Boise St,34.67,29.91
456,3,Cincinnati,South Florida,101.84,35.43
457,13,W Michigan,Akron,78.47,83.39
458,3,ULL,Arkansas St,115.28,77.83
459,38,Houston,Memphis,48.13,21.31
460,31,Old Dominion,WKU,108.61,101.64
461,10,MTSU,Marshall,92.5,73.74
462,42,Nevada,Air Force,104.18,91.62
463,24,New Mexico,Colorado St,113.56,77.44
464,29,Coastal Car,Appalachian St,119.83,71.49
465,28,Temple,Army,74.57,54.96
466,9,Ball St,C Michigan,125.54,67.65
467,17,Bowling Green,N Illinois,114.81,57.87
468,24,UAB,Charlotte,89.48,126.26
469,28,Cincinnati,SMU,101.84,58.7
470,14,Tulsa,Connecticut,104.96,108.29
471,17,Duke,Pittsburgh,53.03,64.3
472,17,BYU,East Carolina,104.12,107.55
473,17,E Michigan,W Michigan,89.25,78.47
474,31,North Texas,FL Atlantic,65.82,37.09
475,28,Florida St,Louisville,40.13,27.51
476,10,Georgia St,Troy,105.35,48.22
477,24,Wake Forest,Georgia Tech,32.82,48.67
478,20,Ga Southern,Massachusetts,120.79,105.98
479,19,Syracuse,Miami FL,73.23,12.94
480,14,Buffalo,Miami OH,85.25,97.8
481,9,Indiana,Michigan St,62.31,20.78
482,21,Navy,UCF,51.61,9.1
483,3,Kent,Ohio,121.62,62.63
484,13,Michigan,Penn St,23.2,7.69
485,12,Purdue,Rutgers,44.51,92.08
486,21,Akron,Toledo,83.39,32.47
487,10,Virginia,Boston College,63.33,30.96
488,7,North Carolina,Virginia Tech,86.16,19.41
489,7,Tennessee,Alabama,89.17,5.06
490,20,Arkansas,Auburn,83.09,8.66
491,36,Baylor,West Virginia,104.83,44.8
492,35,Kansas St,Oklahoma,45.64,4.97
493,27,Louisiana Tech,Southern Miss,88.91,78.7
494,17,Illinois,Minnesota,107.92,71.37
495,7,Kentucky,Mississippi St,57.89,26.12
496,21,Idaho,Missouri,112.71,48.54
497,10,Iowa,Northwestern,25.89,20.83
498,24,Mississippi,LSU,62.27,21.18
499,23,ULM,South Alabama,108.66,114.65
500,0,Kansas,TCU,120.93,15
501,10,Texas,Oklahoma St,44.1,19.39
502,13,Texas Tech,Iowa St,53.54,33.95
503,28,Tulane,South Florida,80.4,35.43
504,7,Rice,UT San Antonio,125.18,92.49
505,13,Maryland,Wisconsin,75.53,5.56
506,14,Wyoming,Boise St,77.85,29.91
507,10,Utah,Arizona St,49.68,41.44
508,44,California,Arizona,65.23,50.7
509,14,Oregon,UCLA,39.78,50.2
510,28,UNLV,Utah St,102.19,84.57
511,0,Colorado,Washington St,77.62,24.7
512,14,USC,Notre Dame,12.62,11.16
513,3,San Diego St,Fresno St,34.67,46.19
514,17,Ball St,Toledo,125.54,32.47
515,13,South Alabama,Georgia St,114.65,105.35
516,27,E Michigan,N Illinois,89.25,57.87
517,14,Oregon St,Stanford,115.88,17.31
518,3,Florida St,Boston College,40.13,30.96
519,26,Tulane,Memphis,80.4,21.31
520,34,Tulsa,SMU,104.96,58.7
521,20,Buffalo,Akron,85.25,83.39
522,10,Georgia Tech,Clemson,48.67,2.1
523,7,Coastal Car,Texas St,119.83,126.47
524,12,Connecticut,Missouri,108.29,48.54
525,7,Florida,Georgia,69.78,2.73
526,26,Tennessee,Kentucky,89.17,57.89
527,30,Marshall,Florida Intl,73.74,77.11
528,39,Indiana,Maryland,62.31,75.53
529,27,Appalachian St,Massachusetts,71.49,105.98
530,14,Rutgers,Michigan,92.08,23.2
531,19,North Carolina,Miami FL,86.16,12.94
532,38,Penn St,Ohio St,7.69,4.96
533,14,Virginia,Pittsburgh,63.33,64.3
534,24,Purdue,Nebraska,44.51,77.64
535,27,Vanderbilt,South Carolina,80.34,38.11
536,3,Duke,Virginia Tech,53.03,19.41
537,32,Louisville,Wake Forest,27.51,32.82
538,39,West Virginia,Oklahoma St,44.8,19.39
539,20,San Jose St,BYU,125.87,104.12
540,7,Baylor,Texas,104.83,44.1
541,10,Illinois,Wisconsin,107.92,5.56
542,10,Minnesota,Iowa,71.37,25.89
543,7,TCU,Iowa St,15,33.95
544,20,Kansas,Kansas St,120.93,45.64
545,38,Old Dominion,North Texas,108.61,65.82
546,31,Michigan St,Northwestern,20.78,20.83
547,27,Texas Tech,Oklahoma,53.54,4.97
548,37,Mississippi,Arkansas,62.27,83.09
549,28,Rice,Louisiana Tech,125.18,88.91
550,12,Southern Miss,UAB,78.7,89.48
551,14,Texas A&M,Mississippi St,45.46,26.12
552,16,Ga Southern,Troy,120.79,48.22
553,28,WKU,FL Atlantic,101.64,37.09
554,28,California,Colorado,65.23,77.62
555,28,Colorado St,Air Force,77.44,91.62
556,21,New Mexico St,Arkansas St,101.82,77.83
557,14,UTEP,UT San Antonio,129.25,92.49
558,3,New Mexico,Wyoming,113.56,77.85
559,17,Arizona St,USC,41.44,12.62
560,16,Fresno St,UNLV,46.19,102.19
561,23,ULM,Idaho,108.66,112.71
562,20,Utah,Oregon,49.68,39.78
563,23,UCLA,Washington,50.2,11.72
564,14,NC State,Notre Dame,25.34,11.16
565,37,Washington St,Arizona,24.7,50.7
566,7,Hawaii,San Diego St,119.54,34.67
567,14,Utah St,Boise St,84.57,29.91
568,24,South Florida,Houston,35.43,48.13
570,16,Kent,Bowling Green,121.62,114.81
571,28,Miami OH,Ohio,97.8,62.63
572,28,W Michigan,C Michigan,78.47,67.65
573,14,Ball St,E Michigan,125.54,89.25
574,26,Navy,Temple,51.61,74.57
575,17,N Illinois,Toledo,57.87,32.47
576,21,Idaho,Troy,112.71,48.22
577,14,Tulsa,Memphis,104.96,21.31
578,17,UCLA,Utah,50.2,49.68
579,25,Marshall,FL Atlantic,73.74,37.09
580,7,UT San Antonio,Florida Intl,92.49,77.11
581,24,Syracuse,Florida St,73.23,40.13
582,10,South Carolina,Georgia,38.11,2.73
583,17,Indiana,Wisconsin,62.31,5.56
584,34,Kentucky,Mississippi,57.89,62.27
585,10,Virginia Tech,Miami FL,19.41,12.94
586,10,Minnesota,Michigan,71.37,23.2
587,24,Penn St,Michigan St,7.69,20.78
588,31,NC State,Clemson,25.34,2.1
589,0,Charlotte,Old Dominion,126.26,108.61
590,10,Illinois,Purdue,107.92,44.51
591,10,Southern Miss,Tennessee,78.7,89.17
592,36,Georgia Tech,Virginia,48.67,63.33
593,16,Iowa St,West Virginia,33.95,44.8
594,10,LSU,Alabama,21.18,5.06
595,38,Coastal Car,Arkansas,119.83,83.09
596,24,Ohio St,Iowa,4.96,25.89
597,9,Kansas,Baylor,120.93,104.83
598,23,Louisiana Tech,North Texas,88.91,65.82
599,45,Appalachian St,ULM,71.49,108.66
600,3,UTEP,MTSU,129.25,92.5
601,23,Massachusetts,Mississippi St,105.98,26.12
602,16,Florida,Missouri,69.78,48.54
603,24,Nebraska,Northwestern,77.64,20.83
604,52,Oklahoma St,Oklahoma,19.39,4.97
605,24,SMU,UCF,58.7,9.1
606,14,South Alabama,ULL,114.65,115.28
607,7,Texas,TCU,44.1,15
608,27,Texas A&M,Auburn,45.46,8.66
609,35,Texas St,New Mexico St,126.47,101.82
610,35,Texas Tech,Kansas St,53.54,45.64
611,16,Tulane,Cincinnati,80.4,101.84
612,21,Rice,UAB,125.18,89.48
613,17,WKU,Vanderbilt,101.64,80.34
614,14,Nevada,Boise St,104.18,29.91
615,10,New Mexico,Utah St,113.56,84.57
616,30,Colorado,Arizona St,77.62,41.44
617,23,Oregon St,California,115.88,65.23
618,13,BYU,Fresno St,104.12,46.19
619,17,Ga Southern,Georgia St,120.79,105.35
620,7,San Jose St,San Diego St,125.87,34.67
621,23,Hawaii,UNLV,119.54,102.19
622,35,Arizona,USC,50.7,12.62
623,3,Oregon,Washington,39.78,11.72
624,21,Stanford,Washington St,17.31,24.7
625,0,Air Force,Army,91.62,54.96
626,37,Wake Forest,Notre Dame,32.82,11.16
627,13,Colorado St,Wyoming,77.44,77.85
628,20,Connecticut,South Florida,108.29,35.43
629,27,East Carolina,Houston,107.55,48.13
630,24,Maryland,Rutgers,75.53,92.08
631,28,Bowling Green,Buffalo,114.81,85.25
632,14,Akron,Miami OH,83.39,97.8
633,30,E Michigan,C Michigan,89.25,67.65
634,10,Toledo,Ohio,32.47,62.63
635,20,Kent,W Michigan,121.62,78.47
636,6,Ga Southern,Appalachian St,120.79,71.49
637,31,Pittsburgh,North Carolina,64.3,86.16
638,17,Ball St,N Illinois,125.54,57.87
639,24,Cincinnati,Temple,101.84,74.57
640,22,Washington,Stanford,11.72,17.31
641,21,UNLV,BYU,102.19,104.12
643,16,Duke,Army,53.03,54.96
644,14,Boston College,NC State,30.96,25.34
645,21,Charlotte,MTSU,126.26,92.5
646,14,Florida St,Clemson,40.13,2.1
647,17,Coastal Car,Troy,119.83,48.22
648,24,East Carolina,Tulane,107.55,80.4
649,30,Florida Intl,Old Dominion,77.11,108.61
650,22,Virginia Tech,Georgia Tech,19.41,48.67
651,21,Virginia,Louisville,63.33,27.51
652,23,WKU,Marshall,101.64,73.74
653,10,Maryland,Michigan,75.53,23.2
654,8,Notre Dame,Miami FL,11.16,12.94
655,40,SMU,Navy,58.7,51.61
656,3,Michigan St,Ohio St,20.78,4.96
657,6,Rutgers,Penn St,92.08,7.69
658,20,Florida,South Carolina,69.78,38.11
659,43,Syracuse,Wake Forest,73.23,32.82
660,24,Connecticut,UCF,108.29,9.1
661,17,Georgia,Auburn,2.73,8.66
662,14,Illinois,Indiana,107.92,62.31
663,42,Iowa St,Oklahoma St,33.95,19.39
664,23,Kansas St,West Virginia,45.64,44.8
665,10,Arkansas,LSU,83.09,21.18
666,23,Louisiana Tech,FL Atlantic,88.91,37.09
667,21,Nebraska,Minnesota,77.64,71.37
668,24,Mississippi St,Alabama,26.12,5.06
669,17,Tennessee,Missouri,89.17,48.54
670,10,UTEP,North Texas,129.25,65.82
671,13,Purdue,Northwestern,44.51,20.83
672,20,TCU,Oklahoma,15,4.97
673,22,ULL,Mississippi,115.28,62.27
674,34,Rice,Southern Miss,125.18,78.7
675,19,Arkansas St,South Alabama,77.83,114.65
676,27,Kansas,Texas,120.93,44.1
677,14,New Mexico,Texas A&M,113.56,45.46
678,30,Texas St,Georgia St,126.47,105.35
679,24,Baylor,Texas Tech,104.83,53.54
680,19,UT San Antonio,UAB,92.49,89.48
681,21,Vanderbilt,Kentucky,80.34,57.89
682,14,Iowa,Wisconsin,25.89,5.56
683,14,Air Force,Wyoming,91.62,77.85
684,28,Oregon St,Arizona,115.88,50.7
685,24,Colorado,USC,77.62,12.62
686,25,Utah,Washington St,49.68,24.7
687,14,San Jose St,Nevada,125.87,104.18
688,37,Arizona St,UCLA,41.44,50.2
689,21,Hawaii,Fresno St,119.54,46.19
690,52,Colorado St,Boise St,77.44,29.91
691,34,Ohio,Akron,62.63,83.39
692,37,Bowling Green,Toledo,114.81,32.47
693,23,Kent,C Michigan,121.62,67.65
694,24,Miami OH,E Michigan,97.8,89.25
695,31,W Michigan,N Illinois,78.47,57.87
696,24,Ball St,Buffalo,125.54,85.25
697,20,Tulsa,South Florida,104.96,35.43
698,35,New Mexico,UNLV,113.56,102.19
699,38,MTSU,WKU,92.5,101.64
705,16,Connecticut,Boston College,108.29,30.96
706,20,Georgia Tech,Duke,48.67,53.03
707,20,Cincinnati,East Carolina,101.84,107.55
708,7,UAB,Florida,89.48,69.78
709,24,Florida Intl,FL Atlantic,77.11,37.09
710,13,Kentucky,Georgia,57.89,2.73
711,0,Rutgers,Indiana,92.08,62.31
712,10,Syracuse,Louisville,73.23,27.51
713,28,Virginia,Miami FL,63.33,12.94
714,7,Maryland,Michigan St,75.53,20.78
715,14,Illinois,Ohio St,107.92,4.96
716,21,Rice,Old Dominion,125.18,108.61
717,44,Nebraska,Penn St,77.64,7.69
718,19,Temple,UCF,74.57,9.1
719,14,Pittsburgh,Virginia Tech,64.3,19.41
720,24,NC State,Wake Forest,25.34,32.82
721,14,West Virginia,Texas,44.8,44.1
722,21,Arkansas,Mississippi St,83.09,26.12
723,12,Texas St,Arkansas St,126.47,77.83
724,14,ULM,Auburn,108.66,8.66
725,13,Baylor,Iowa St,104.83,33.95
726,14,San Jose St,Colorado St,125.87,77.44
727,15,Iowa,Purdue,25.89,44.51
728,3,Kansas,Oklahoma,120.93,4.97
729,34,New Mexico St,ULL,101.82,115.28
730,45,SMU,Memphis,58.7,21.31
731,49,Army,North Texas,54.96,65.82
732,0,Minnesota,Northwestern,71.37,20.83
733,40,Oklahoma St,Kansas St,19.39,45.64
734,24,Mississippi,Texas A&M,62.27,45.46
735,21,Charlotte,Southern Miss,126.26,78.7
736,10,Tennessee,LSU,89.17,21.18
737,3,Texas Tech,TCU,53.54,15
738,17,Houston,Tulane,48.13,80.4
739,7,Marshall,UT San Antonio,73.74,92.49
740,17,Vanderbilt,Missouri,80.34,48.54
741,10,Michigan,Wisconsin,23.2,5.56
742,10,BYU,Massachusetts,104.12,105.98
743,19,Air Force,Boise St,91.62,29.91
744,21,UTEP,Louisiana Tech,129.25,88.91
745,0,Hawaii,Utah St,119.54,84.57
746,7,Wyoming,Fresno St,77.85,46.19
747,0,South Alabama,Ga Southern,114.65,120.79
748,7,Idaho,Coastal Car,112.71,119.83
749,28,Arizona,Oregon,50.7,39.78
750,24,Oregon St,Arizona St,115.88,41.44
751,14,California,Stanford,65.23,17.31
752,23,UCLA,USC,50.2,12.62
753,30,Utah,Washington,49.68,11.72
754,17,Navy,Notre Dame,51.61,11.16
755,23,Nevada,San Diego St,104.18,34.67
756,14,Kent,Akron,121.62,83.39
757,7,Ball St,Miami OH,125.54,97.8
758,31,Bowling Green,E Michigan,114.81,89.25
759,28,Mississippi St,Mississippi,26.12,62.27
760,24,Ohio,Buffalo,62.63,85.25
761,24,N Illinois,C Michigan,57.87,67.65
762,14,Miami FL,Pittsburgh,12.94,64.3
763,10,W Michigan,Toledo,78.47,32.47
764,42,South Florida,UCF,35.43,9.1
765,0,Virginia,Virginia Tech,63.33,19.41
766,14,Navy,Houston,51.61,48.13
767,14,Nebraska,Iowa,77.64,25.89
768,22,Baylor,TCU,104.83,15
769,23,Texas,Texas Tech,44.1,53.54
770,10,New Mexico,San Diego St,113.56,34.67
771,17,WKU,Florida Intl,101.64,77.11
772,45,Arkansas,Missouri,83.09,48.54
773,9,Texas St,Troy,126.47,48.22
774,27,California,UCLA,65.23,50.2
775,12,Charlotte,FL Atlantic,126.26,37.09
776,21,Connecticut,Cincinnati,108.29,101.84
777,22,Florida,Florida St,69.78,40.13
778,10,Georgia St,Appalachian St,105.35,71.49
779,7,Georgia Tech,Georgia,48.67,2.73
780,17,Kentucky,Louisville,57.89,27.51
781,27,Marshall,Southern Miss,73.74,78.7
782,3,Maryland,Penn St,75.53,7.69
783,20,Michigan,Ohio St,23.2,4.96
784,21,North Carolina,NC State,86.16,25.34
785,24,Indiana,Purdue,62.31,44.51
786,7,Rutgers,Michigan St,92.08,20.78
787,10,South Carolina,Clemson,38.11,2.1
788,14,Syracuse,Boston College,73.23,30.96
789,24,Tennessee,Vanderbilt,89.17,80.34
790,23,Wake Forest,Duke,32.82,53.03
791,14,Alabama,Auburn,5.06,8.66
792,7,Illinois,Northwestern,107.92,20.83
793,19,Iowa St,Kansas St,33.95,45.64
794,21,Texas A&M,LSU,45.46,21.18
795,24,ULL,Ga Southern,115.28,120.79
796,6,UT San Antonio,Louisiana Tech,92.49,88.91
797,50,ULM,Arkansas St,108.66,77.83
798,13,East Carolina,Memphis,107.55,21.31
799,10,Old Dominion,MTSU,108.61,92.5
800,0,Minnesota,Wisconsin,71.37,5.56
801,31,West Virginia,Oklahoma,44.8,4.97
802,17,Kansas,Oklahoma St,120.93,19.39
803,14,Rice,North Texas,125.18,65.82
804,38,Tulane,SMU,80.4,58.7
805,22,Tulsa,Temple,104.96,74.57
806,7,UTEP,UAB,129.25,89.48
807,35,Utah St,Air Force,84.57,91.62
808,30,Arizona,Arizona St,50.7,41.44
809,10,Idaho,New Mexico St,112.71,101.82
810,13,Colorado,Utah,77.62,49.68
811,16,UNLV,Nevada,102.19,104.18
812,10,Oregon St,Oregon,115.88,39.78
813,17,Wyoming,San Jose St,77.85,125.87
814,20,Notre Dame,Stanford,11.16,17.31
815,14,Washington St,Washington,24.7,11.72
816,17,Boise St,Fresno St,29.91,46.19
817,20,Hawaii,BYU,119.54,104.12
818,28,Stanford,USC,17.31,12.62
819,14,ULL,Appalachian St,115.28,71.49
820,17,Ga Southern,Coastal Car,120.79,119.83
821,10,Georgia St,Idaho,105.35,112.71
822,25,Arkansas St,Troy,77.83,48.22
823,17,South Alabama,New Mexico St,114.65,101.82
824,45,Massachusetts,Florida Intl,105.98,77.11
825,10,ULM,Florida St,108.66,40.13
826,55,Memphis,UCF,21.31,9.1
827,3,Miami FL,Clemson,12.94,2.1
828,17,North Texas,FL Atlantic,65.82,37.09
829,7,Auburn,Georgia,8.66,2.73
830,28,Akron,Toledo,83.39,32.47
831,21,Wisconsin,Ohio St,5.56,4.96
832,17,TCU,Oklahoma,15,4.97
833,14,Fresno St,Boise St,46.19,29.91
834,13,Navy,Army,51.61,54.96
835,30,North Texas,Troy,65.82,48.22
836,17,WKU,Georgia St,101.64,105.35
837,28,Oregon,Boise St,39.78,29.91
838,28,Colorado St,Marshall,77.44,73.74
839,30,Arkansas St,MTSU,77.83,92.5
840,3,Akron,FL Atlantic,83.39,37.09
841,10,SMU,Louisiana Tech,58.7,88.91
842,3,Florida Intl,Temple,77.11,74.57
843,6,UAB,Ohio,89.48,62.63
844,14,C Michigan,Wyoming,67.65,77.85
845,34,Texas Tech,South Florida,53.54,35.43
846,35,San Diego St,Army,34.67,54.96
847,0,Toledo,Appalachian St,32.47,71.49
848,27,Houston,Fresno St,48.13,46.19
849,14,West Virginia,Utah,44.8,49.68
850,14,N Illinois,Duke,57.87,53.03
851,17,UCLA,Kansas St,50.2,45.64
